2024-09-16,RafaelGSS,2024-09-17, Version 22.9.0 (Current)
2024-09-16,RafaelGSS,2024-09-17, Version 22.9.0 (Current)
2024-09-03,RafaelGSS,2024-09-03, Version 22.8.0 (Current)
2024-09-03,RafaelGSS,2024-09-03, Version 22.8.0 (Current)
2024-08-31,RafaelGSS,2024-09-02, Version 22.8.0 (Current)
2024-08-22,RafaelGSS,2024-08-22, Version 22.7.0 (Current)
2024-08-21,RafaelGSS,2024-08-22, Version 22.7.0 (Current)
2024-08-21,Marco Ippolito,2024-08-21, Version 20.17.0 'Iron' (LTS)
2024-08-19,RafaelGSS,2024-08-20, Version 22.7.0 (Current)
2024-08-19,Marco Ippolito,2024-08-21, Version 20.17.0 'Iron' (LTS)
2024-08-06,RafaelGSS,2024-08-06, Version 22.6.0 (Current)
2024-08-05,RafaelGSS,2024-08-06, Version 22.6.0 (Current)
2024-07-30,RafaelGSS,2024-07-31, Version 22.6.0 (Current)
2024-07-24,Marco Ippolito,2024-07-24, Version 20.16.0 'Iron' (LTS)
2024-07-21,Marco Ippolito,2024-07-24, Version 20.16.0 'Iron' (LTS)
2024-07-19,Richard Lau,2024-07-19, Version 22.5.1 (Current)
2024-07-19,Richard Lau,2024-07-19, Version 22.5.1 (Current)
2024-07-17,Antoine du Hamel,2024-07-17, Version 22.5.0 (Current)
2024-07-17,Antoine du Hamel,2024-07-17, Version 22.5.0 (Current)
2024-07-08,RafaelGSS,2024-07-08, Version 22.4.1 (Current)
2024-07-08,RafaelGSS,2024-07-08, Version 20.15.1 'Iron' (LTS)
2024-07-08,RafaelGSS,2024-07-08, Version 18.20.4 'Hydrogen' (LTS)
2024-07-06,RafaelGSS,2024-07-08, Version 22.4.1 (Current)
2024-07-03,RafaelGSS,2024-07-08, Version 20.15.1 'Iron' (LTS)
2024-07-03,RafaelGSS,2024-07-08, Version 18.20.4 'Hydrogen' (LTS)
2024-07-02,Michaël Zasso,2024-07-02, Version 22.4.0 (Current)
2024-07-01,Michaël Zasso,2024-07-02, Version 22.4.0 (Current)
2024-06-20,Marco Ippolito,2024-06-20, Version 20.15.0 'Iron' (LTS)
2024-06-20,Marco Ippolito,2024-06-20, Version 20.15.0 'Iron' (LTS)
2024-06-11,RafaelGSS,2024-06-11, Version 22.3.0 (Current)
2024-06-10,RafaelGSS,2024-06-11, Version 22.3.0 (Current)
2024-06-07,RafaelGSS,2024-06-11, Version 22.3.0 (Current)
2024-05-28,Marco Ippolito,2024-05-28, Version 20.14.0 'Iron' (LTS)
2024-05-27,Marco Ippolito,2024-05-28, Version 20.14.0 'Iron' (LTS)
2024-05-21,Richard Lau,2024-05-21, Version 18.20.3 'Hydrogen' (LTS)
2024-05-16,Richard Lau,2024-05-21, Version 18.20.3 'Hydrogen' (LTS)
2024-05-15,Michaël Zasso,2024-05-15, Version 22.2.0 (Current)
2024-05-15,Michaël Zasso,2024-05-15, Version 22.2.0 (Current)
2024-05-09,marco-ippolito,2024-05-09, Version 20.13.1 'Iron' (LTS)
2024-05-08,marco-ippolito,2024-05-09, Version 20.13.1 'Iron' (LTS)
2024-05-07,marco-ippolito,2024-05-07, Version 20.13.0 'Iron' (LTS)
2024-05-07,marco-ippolito,2024-05-07, Version 20.13.0 'Iron' (LTS)
2024-05-02,Antoine du Hamel,2024-05-02, Version 22.1.0 (Current)
2024-05-02,Antoine du Hamel,2024-05-02, Version 22.1.0 (Current)
2024-04-24,RafaelGSS,2024-04-24, Version 22.0.0 (Current)
2024-04-23,RafaelGSS,2024-04-24, Version 22.0.0 (Current)
2024-04-19,RafaelGSS,2024-04-23, Version 22.0.0 (Current)
2024-04-10,RafaelGSS,2024-04-10, Version 18.20.2 'Hydrogen' (LTS)
2024-04-10,RafaelGSS,2024-04-10, Version 20.12.2 'Iron' (LTS)
2024-04-10,RafaelGSS,2024-04-10, Version 21.7.3 (Current)
2024-04-10,RafaelGSS,2024-04-10, Version 21.7.3 (Current)
2024-04-10,RafaelGSS,2024-04-10, Version 20.12.2 'Iron' (LTS)
2024-04-10,RafaelGSS,2024-04-10, Version 18.20.2 'Hydrogen' (LTS)
2024-04-03,RafaelGSS,2024-04-03, Version 18.20.1 'Hydrogen' (LTS)
2024-04-03,RafaelGSS,2024-04-03, Version 20.12.1 'Iron' (LTS)
2024-04-03,marco-ippolito,2024-04-03, Version 21.7.2 (Current)
2024-04-02,RafaelGSS,2024-04-03, Version 20.12.1 'Iron' (LTS)
2024-04-02,RafaelGSS,2024-04-03, Version 18.20.1 'Hydrogen' (LTS)
2024-04-02,marco-ippolito,2024-04-03, Version 21.7.2 (Current)
2024-03-26,Richard Lau,2024-03-26, Version 20.12.0 'Iron' (LTS)
2024-03-26,Richard Lau,2024-03-26, Version 18.20.0 'Hydrogen' (LTS)
2024-03-25,Richard Lau,2024-03-26, Version 20.12.0 'Iron' (LTS)
2024-03-23,Richard Lau,2024-03-26, Version 18.20.0 'Hydrogen' (LTS)
2024-03-08,Michaël Zasso,2024-03-08, Version 21.7.1 (Current)
2024-03-08,Michaël Zasso,2024-03-08, Version 21.7.1 (Current)
2024-03-06,marco-ippolito,2024-03-06, Version 21.7.0 (Current)
2024-03-05,marco-ippolito,2024-03-06, Version 21.7.0 (Current)
2024-02-14,RafaelGSS,2024-02-14, Version 21.6.2 (Current)
2024-02-14,marco-ippolito,2024-02-14, Version 20.11.1 'Iron' (LTS)
2024-02-14,marco-ippolito,2024-02-14, Version 18.19.1 'Hydrogen' (LTS)
2024-02-13,RafaelGSS,2024-02-14, Version 21.6.2 (Current)
2024-02-13,marco-ippolito,2024-02-14, Version 20.11.1 'Iron' (LTS)
2024-02-13,marco-ippolito,2024-02-14, Version 18.19.1 'Hydrogen' (LTS)
2024-01-22,RafaelGSS,2024-01-22, Version 21.6.1 (Current)
2024-01-20,RafaelGSS,2024-01-22, Version 21.6.1 (Current)
2024-01-15,RafaelGSS,2024-01-15, Version 21.6.0 (Current)
2024-01-11,RafaelGSS,2024-01-15, Version 21.6.0 (Current)
2024-01-09,Ulises Gascón,2024-01-09, Version 20.11.0 'Iron' (LTS)
2024-01-09,Ulises Gascón,2024-01-09, Version 20.11.0 'Iron' (LTS)
2024-01-05,RafaelGSS,2024-01-09, Version 21.6.0 (Current)
2024-01-04,Ulises Gascón,2024-01-08, Version 20.11.0 'Iron' (LTS)
2024-01-02,RafaelGSS,2024-01-04, Version 21.6.0 (Current)